recycler_id,name,facility_type,city,industrial_estate,lat,lng,materials_accepted,cpcb_registration_no,authorisation_status,authorisation_valid_till,contact_phone,offered_rate_multiplier,pickup_available,min_lot_weight_kg,service_area_radius_km,avg_settlement_hours,rating,capacity_tonnes_per_month,verified_on,is_synthetic
REC1000,Sahyadri Materials Solutions Pvt Ltd,authorised_aggregator,Pune,Hadapsar IE,18.491869,73.946043,Battery|CRT|Cable|LCD/LED panel|Mixed plastic|Motor & magnet-bearing|PCB,MH/EW/2019/4437,expiring_soon,2026-10-05,+91-9421159385,0.96,True,0,15,24,3.7,350,2025-03-13,True
REC1001,Trimurti Recyclers Associates,authorised_recycler,Nagpur,Kalmeshwar MIDC,21.234281,78.936805,Cable|Motor & magnet-bearing|PCB,MH/EW/2019/4077,active,2029-01-13,+91-9240610412,1.038,True,5,35,72,3.9,200,2026-07-27,True
REC1002,Shree Enviro Pvt Ltd,authorised_aggregator,Nagpur,Kalmeshwar MIDC,21.234049,78.898754,Battery|CRT|Cable|LCD/LED panel|Mixed plastic|Motor & magnet-bearing|PCB,MH/EW/2022/3424,active,2028-11-21,+91-9553016330,1.025,True,10,12,6,4.0,50,2026-05-21,True
REC1003,EcoCircle Scrap Solutions Pvt Ltd,authorised_aggregator,Mumbai,Taloja MIDC,19.042535,73.082611,Battery|CRT|Cable|LCD/LED panel|PCB,MH/EW/2024/3107,active,2027-05-05,+91-9887069161,0.941,False,5,35,2,4.3,200,2025-08-06,True
REC1004,Vishwa Materials Pvt Ltd,authorised_aggregator,Mumbai,Mahape MIDC,19.089469,72.988527,Battery|CRT|LCD/LED panel,MH/EW/2020/5310,suspended,2027-08-21,+91-9703933839,0.919,True,50,20,6,4.6,50,2025-12-11,True
REC1005,Jai Materials Enterprises,authorised_aggregator,Pune,Hadapsar IE,18.508503,73.926714,Battery|CRT|Cable|LCD/LED panel|Mixed plastic|Motor & magnet-bearing|PCB,MH/EW/2024/9826,expiring_soon,2026-11-08,+91-9332780068,1.007,False,10,12,6,4.4,200,2026-02-11,True
REC1006,EcoCircle Urban Mining Pvt Ltd,authorised_recycler,Pune,Bhosari MIDC,18.612589,73.826611,Cable|LCD/LED panel|Motor & magnet-bearing,MH/EW/2023/9930,active,2027-05-04,+91-9239167153,0.99,True,50,25,2,4.2,80,2025-11-25,True
REC1007,Green Recyclers LLP,authorised_recycler,Pune,Hadapsar IE,18.478203,73.912642,Battery|Mixed plastic|Motor & magnet-bearing|PCB,MH/EW/2022/2839,active,2028-04-04,+91-9975170415,1.01,False,10,12,2,4.7,200,2025-06-23,True
REC1008,Bharat Recovery Associates,authorised_recycler,Mumbai,Ambernath MIDC,19.200497,73.188382,LCD/LED panel|Mixed plastic|Motor & magnet-bearing,MH/EW/2019/9167,expired,2025-12-04,+91-9198382607,0.896,True,10,35,72,4.4,20,2025-08-18,True
REC1009,Green Resource Solutions Pvt Ltd,authorised_dismantler,Pimpri-Chinchwad,Kasarwadi,18.624229,73.812682,Battery|LCD/LED panel|Mixed plastic|PCB,MH/EW/2025/4596,expiring_soon,2026-09-05,+91-9788894081,0.964,False,0,50,24,4.8,120,2026-06-23,True
REC1010,Om Metals Enterprises,authorised_recycler,Mumbai,Ambernath MIDC,19.169603,73.191316,Battery|CRT|Cable|LCD/LED panel|Mixed plastic|Motor & magnet-bearing|PCB,MH/EW/2025/8333,expired,2026-01-22,+91-9273226092,1.081,True,0,8,24,4.3,350,2026-03-13,True
REC1011,Maharashtra Metals Pvt Ltd,authorised_recycler,Pune,Hadapsar IE,18.505498,73.917334,Battery|CRT|Cable|LCD/LED panel|Mixed plastic|Motor & magnet-bearing|PCB,MH/EW/2023/9477,active,2028-10-23,+91-9676177079,1.036,True,5,35,72,4.1,200,2025-05-13,True
REC1012,Vidarbha Urban Mining Enterprises,authorised_recycler,Mumbai,Kurla Industrial Estate,19.051579,72.877861,Battery|CRT|Cable|LCD/LED panel|Mixed plastic|Motor & magnet-bearing|PCB,MH/EW/2025/5595,active,2027-09-04,+91-9795085214,1.015,True,10,12,12,5.0,350,2025-02-24,True
REC1013,Trimurti E-Waste Industries,authorised_recycler,Nagpur,Kalmeshwar MIDC,21.224069,78.915987,CRT|Cable|Motor & magnet-bearing,MH/EW/2024/6971,active,2027-09-29,+91-9814783794,1.017,False,10,50,2,4.1,20,2025-08-15,True
REC1014,EcoCircle Recovery Associates,authorised_aggregator,Nagpur,Hingna MIDC,21.127708,78.961071,Battery|CRT|Cable|LCD/LED panel|Mixed plastic|Motor & magnet-bearing|PCB,MH/EW/2021/1239,expiring_soon,2026-10-27,+91-9365016023,1.044,False,50,25,6,4.8,20,2025-10-29,True
REC1015,Konkan Recovery Solutions Pvt Ltd,authorised_aggregator,Pune,Hadapsar IE,18.490549,73.938886,Battery|Cable|LCD/LED panel|Mixed plastic|Motor & magnet-bearing|PCB,MH/EW/2020/3356,active,2028-08-06,+91-9455856910,1.01,True,25,8,24,3.6,200,2026-04-11,True
REC1016,Ganesh E-Waste Associates,authorised_recycler,Mumbai,Mahape MIDC,19.09417,72.984504,Battery|CRT|LCD/LED panel|Motor & magnet-bearing|PCB,MH/EW/2020/3091,active,2027-06-10,+91-9248232006,0.968,False,0,15,2,4.6,350,2025-01-29,True
REC1017,Ganesh Materials Industries,authorised_aggregator,Nagpur,Butibori MIDC,20.924287,79.001457,Battery|CRT|Cable|LCD/LED panel|Mixed plastic,MH/EW/2021/2818,active,2029-01-24,+91-9978530629,0.958,True,50,15,48,4.4,120,2026-06-25,True
REC1018,EcoCircle Enviro Associates,authorised_aggregator,Pune,Chakan MIDC,18.744455,73.854611,Cable|Mixed plastic|PCB,MH/EW/2022/6248,active,2028-06-18,+91-9186770753,1.007,False,0,20,2,4.4,350,2025-10-04,True
REC1019,Vishwa Recovery Industries,authorised_aggregator,Mumbai,Ambernath MIDC,19.197379,73.19812,Battery|CRT|Cable|LCD/LED panel|Mixed plastic|Motor & magnet-bearing|PCB,MH/EW/2025/7875,active,2028-03-10,+91-9610171659,1.114,False,0,50,24,4.2,120,2026-01-05,True
REC1020,Om Enviro LLP,authorised_aggregator,Mumbai,Kurla Industrial Estate,19.0699,72.887271,CRT|Motor & magnet-bearing|PCB,MH/EW/2024/1323,expired,2025-08-05,+91-9280658520,0.993,True,50,25,2,4.4,80,2025-07-27,True
REC1021,EcoCircle Scrap Enterprises,authorised_recycler,Pune,Chakan MIDC,18.795498,73.884911,Battery|CRT|Cable|LCD/LED panel|Mixed plastic|Motor & magnet-bearing|PCB,MH/EW/2025/2639,expiring_soon,2026-10-15,+91-9436401213,0.968,True,0,15,6,4.2,200,2025-12-28,True
REC1022,Ganesh Recovery Solutions Pvt Ltd,authorised_recycler,Pune,Hadapsar IE,18.487957,73.956083,Cable|LCD/LED panel|PCB,MH/EW/2019/3813,active,2028-03-02,+91-9521386991,1.08,True,5,25,12,3.9,500,2026-06-03,True
REC1023,Om Scrap Recycling Pvt Ltd,authorised_recycler,Pune,Bhosari MIDC,18.607421,73.843564,Battery|LCD/LED panel|Mixed plastic,MH/EW/2022/6467,active,2028-11-15,+91-9966422091,0.962,True,0,35,24,4.3,200,2026-07-21,True
REC1024,Green Materials Enterprises,authorised_aggregator,Pune,Hadapsar IE,18.525282,73.926857,Battery|Cable|Mixed plastic|Motor & magnet-bearing|PCB,MH/EW/2021/4241,expiring_soon,2026-10-09,+91-9930538562,1.049,False,50,25,2,4.4,50,2025-07-27,True
REC1025,Konkan Urban Mining Enterprises,authorised_recycler,Mumbai,Mahape MIDC,19.118039,73.013026,Cable|LCD/LED panel|Mixed plastic|Motor & magnet-bearing|PCB,MH/EW/2022/8916,active,2027-08-14,+91-9843476946,0.965,False,0,35,24,4.4,80,2025-06-10,True
REC1026,Vishwa Enviro Solutions Pvt Ltd,authorised_recycler,Pimpri-Chinchwad,Kasarwadi,18.610734,73.821535,Cable|Mixed plastic|Motor & magnet-bearing,MH/EW/2019/6759,active,2027-07-18,+91-9974962284,1.04,True,5,15,24,4.0,50,2026-07-31,True
REC1027,Green Green Tech Pvt Ltd,authorised_aggregator,Pune,Hadapsar IE,18.496782,73.904909,Battery|Cable|Mixed plastic|Motor & magnet-bearing,MH/EW/2022/8849,active,2027-09-05,+91-9572137086,1.024,False,0,15,24,4.3,20,2026-05-11,True
REC1028,Green Enviro LLP,authorised_recycler,Mumbai,Mahape MIDC,19.117684,73.009673,Battery|CRT|Cable|LCD/LED panel|Mixed plastic|Motor & magnet-bearing|PCB,MH/EW/2019/1548,active,2027-02-26,+91-9147124796,1.09,True,10,50,24,4.8,350,2025-08-01,True
REC1029,Konkan Metals Industries,authorised_aggregator,Pune,Ranjangaon MIDC,18.798913,74.228936,Battery|Cable|LCD/LED panel|Mixed plastic|Motor & magnet-bearing|PCB,MH/EW/2022/4018,expired,2025-10-26,+91-9510339401,0.998,True,10,12,24,4.2,80,2026-06-02,True
REC1030,Aadi Recovery Industries,authorised_recycler,Pimpri-Chinchwad,Talawade IT Park,18.683961,73.76457,Battery|CRT|Cable|LCD/LED panel|Mixed plastic|PCB,MH/EW/2021/9179,active,2028-09-28,+91-9314636887,0.976,True,25,20,24,4.6,200,2026-01-24,True
REC1031,Vishwa Enviro Recycling Pvt Ltd,authorised_recycler,Mumbai,Kurla Industrial Estate,19.05,72.861409,Battery|Cable|LCD/LED panel|Mixed plastic,MH/EW/2021/6198,expiring_soon,2026-10-28,+91-9639953891,0.971,True,25,25,24,4.3,80,2025-08-22,True
REC1032,Deccan Recovery Industries,authorised_recycler,Pimpri-Chinchwad,Kasarwadi,18.620266,73.821743,Battery|CRT|Cable|LCD/LED panel|Mixed plastic|Motor & magnet-bearing|PCB,MH/EW/2024/6787,active,2028-11-23,+91-9973210628,1.023,True,25,25,72,4.5,200,2026-06-24,True
REC1033,Sai Enviro Industries,authorised_recycler,Nagpur,Kalmeshwar MIDC,21.260233,78.923009,CRT|Cable|LCD/LED panel,MH/EW/2022/3400,active,2028-10-17,+91-9471663563,1.03,False,5,12,6,3.8,80,2025-10-24,True
REC1034,Nirmal Urban Mining Associates,authorised_aggregator,Mumbai,Taloja MIDC,19.061762,73.088075,Battery|CRT|LCD/LED panel|Mixed plastic|Motor & magnet-bearing|PCB,MH/EW/2019/1762,active,2028-05-12,+91-9871507319,0.956,True,25,25,24,4.2,80,2025-06-23,True
REC1035,Samruddhi E-Waste Solutions Pvt Ltd,authorised_recycler,Aurangabad,Shendra MIDC,19.876948,75.429841,Battery|CRT|Cable|LCD/LED panel|Motor & magnet-bearing|PCB,MH/EW/2025/6037,suspended,2027-01-29,+91-9625904417,1.043,True,10,50,48,3.2,200,2025-08-04,True
REC1036,Konkan E-Waste Enterprises,authorised_aggregator,Mumbai,Ambernath MIDC,19.220159,73.168645,Battery|CRT|LCD/LED panel|Mixed plastic|Motor & magnet-bearing,MH/EW/2023/9067,expiring_soon,2026-10-26,+91-9726865875,1.078,True,25,35,72,4.4,50,2026-03-16,True
REC1037,EcoCircle Green Tech Industries,authorised_aggregator,Mumbai,Taloja MIDC,19.053222,73.10613,Cable|LCD/LED panel|Mixed plastic|Motor & magnet-bearing,MH/EW/2021/6602,active,2027-12-30,+91-9265440985,1.031,False,25,25,48,4.2,350,2026-04-04,True
REC1038,Sai Scrap Recycling Pvt Ltd,authorised_recycler,Aurangabad,Chikalthana MIDC,19.870816,75.388885,Battery|CRT|Cable|LCD/LED panel|Motor & magnet-bearing|PCB,MH/EW/2022/4339,active,2027-12-03,+91-9492561622,1.018,False,0,8,2,4.5,80,2025-12-30,True
REC1039,Nova E-Waste Solutions Pvt Ltd,authorised_dismantler,Mumbai,Kurla Industrial Estate,19.084638,72.89667,Battery|CRT|Cable|LCD/LED panel|Mixed plastic|PCB,MH/EW/2024/1380,suspended,2027-03-26,+91-9216526949,0.959,True,50,50,48,4.3,50,2026-05-24,True
REC1040,Shree Metals Solutions Pvt Ltd,authorised_recycler,Pune,Bhosari MIDC,18.600139,73.85014,CRT|Cable|LCD/LED panel|Mixed plastic|Motor & magnet-bearing|PCB,MH/EW/2019/5141,active,2028-05-12,+91-9160852159,0.956,False,25,20,72,4.1,50,2026-06-10,True
REC1041,Om Resource Pvt Ltd,authorised_aggregator,Nagpur,Hingna MIDC,21.09921,78.948538,Battery|CRT|Cable|LCD/LED panel|Mixed plastic|Motor & magnet-bearing|PCB,MH/EW/2025/3169,suspended,2027-01-03,+91-9181895280,1.031,True,0,35,2,4.1,200,2026-05-10,True
REC1042,Konkan E-Waste Recycling Pvt Ltd,authorised_recycler,Nashik,Satpur MIDC,20.007228,73.704275,CRT|Cable|LCD/LED panel|Mixed plastic|Motor & magnet-bearing|PCB,MH/EW/2020/1727,active,2027-05-23,+91-9678669966,1.001,True,0,20,48,4.6,20,2025-09-16,True
REC1043,Vishwa Materials Recycling Pvt Ltd,authorised_recycler,Pimpri-Chinchwad,Kasarwadi,18.623496,73.810212,Battery|CRT|Cable|LCD/LED panel|Mixed plastic|Motor & magnet-bearing|PCB,MH/EW/2025/8924,suspended,2026-12-27,+91-9502142006,1.008,False,0,35,12,3.5,350,2026-06-12,True
REC1044,EcoCircle Metals Pvt Ltd,authorised_dismantler,Pune,Bhosari MIDC,18.653439,73.835961,LCD/LED panel|Motor & magnet-bearing|PCB,MH/EW/2025/4048,active,2027-05-11,+91-9449609646,0.973,True,5,12,6,4.6,80,2026-05-05,True
REC1045,Samruddhi Materials Pvt Ltd,authorised_aggregator,Pune,Hadapsar IE,18.508243,73.922807,Battery|CRT|Cable|LCD/LED panel|Mixed plastic|Motor & magnet-bearing|PCB,MH/EW/2023/2945,active,2028-03-03,+91-9818441755,1.105,False,0,50,48,4.3,50,2025-05-03,True
REC1046,Vidarbha Materials Associates,authorised_recycler,Aurangabad,Shendra MIDC,19.892702,75.483491,Battery|CRT|Cable|LCD/LED panel|Mixed plastic|Motor & magnet-bearing|PCB,MH/EW/2025/9789,active,2028-06-18,+91-9866630407,0.959,False,25,15,2,3.4,120,2026-05-21,True
REC1047,Nova Recyclers Pvt Ltd,authorised_aggregator,Pimpri-Chinchwad,Talawade IT Park,18.665448,73.756097,Battery|CRT|Cable|LCD/LED panel|Mixed plastic|Motor & magnet-bearing|PCB,MH/EW/2023/2105,active,2027-12-09,+91-9356341424,0.962,False,0,20,24,3.6,200,2026-06-11,True
REC1048,Maharashtra Scrap Associates,authorised_aggregator,Pune,Ranjangaon MIDC,18.758946,74.257208,CRT|LCD/LED panel|Mixed plastic|Motor & magnet-bearing|PCB,MH/EW/2019/9617,active,2029-01-13,+91-9447328588,1.014,False,10,15,24,3.9,500,2025-10-31,True
REC1049,Samruddhi Resource Associates,authorised_dismantler,Nashik,Satpur MIDC,20.019415,73.748253,Cable|Mixed plastic|Motor & magnet-bearing|PCB,MH/EW/2024/1721,suspended,2027-01-06,+91-9201140954,1.044,False,50,50,24,4.1,200,2025-07-26,True
REC1050,Prithvi Recovery Industries,authorised_aggregator,Pimpri-Chinchwad,Kasarwadi,18.60717,73.817319,CRT|Motor & magnet-bearing|PCB,MH/EW/2023/5644,active,2028-10-04,+91-9459248143,1.017,False,25,35,6,4.2,80,2025-10-23,True
REC1051,Ganesh Urban Mining Industries,authorised_recycler,Nashik,Ambad MIDC,19.987342,73.74065,Battery|Cable|PCB,MH/EW/2024/9799,active,2027-06-11,+91-9883085894,1.022,True,0,15,48,4.1,80,2025-11-26,True
REC1052,Aadi Urban Mining Recycling Pvt Ltd,authorised_aggregator,Mumbai,Kurla Industrial Estate,19.05694,72.918592,Cable|LCD/LED panel|Mixed plastic|PCB,MH/EW/2022/8870,active,2027-04-19,+91-9110935707,0.939,True,10,12,6,3.7,80,2026-01-19,True
REC1053,Nova Resource Enterprises,authorised_aggregator,Nashik,Ambad MIDC,19.980059,73.717878,CRT|Cable|PCB,MH/EW/2023/1298,active,2028-01-23,+91-9848322810,0.955,False,0,12,12,4.8,80,2025-04-03,True
REC1054,Nirmal E-Waste Industries,authorised_dismantler,Nagpur,Hingna MIDC,21.134241,78.956458,Battery|LCD/LED panel|PCB,MH/EW/2024/7697,expired,2026-02-09,+91-9941202254,1.101,True,50,25,24,4.1,350,2025-12-22,True
REC1055,Samruddhi Metals Associates,authorised_recycler,Pune,Hadapsar IE,18.512157,73.91829,CRT|Cable|Motor & magnet-bearing|PCB,MH/EW/2021/1228,active,2027-12-10,+91-9354978547,1.055,False,50,12,24,4.3,350,2025-10-02,True
REC1056,Prithvi Urban Mining Enterprises,authorised_recycler,Mumbai,Mahape MIDC,19.114884,73.018148,Battery|LCD/LED panel|Mixed plastic|Motor & magnet-bearing|PCB,MH/EW/2021/5775,expired,2026-07-19,+91-9490232939,0.951,False,25,35,24,3.8,80,2026-04-27,True
REC1057,Vishwa E-Waste Industries,authorised_recycler,Pune,Ranjangaon MIDC,18.756525,74.254744,Battery|CRT|Cable|PCB,MH/EW/2023/2022,active,2027-03-22,+91-9357338182,0.94,False,10,12,48,4.6,80,2025-12-05,True
REC1058,Vishwa Enviro Pvt Ltd,authorised_recycler,Mumbai,Mahape MIDC,19.120376,73.003753,Battery|Cable|Motor & magnet-bearing|PCB,MH/EW/2023/4308,expired,2026-03-08,+91-9479691633,0.96,True,0,8,6,4.4,350,2025-12-04,True
REC1059,EcoCircle Metals Industries,authorised_dismantler,Aurangabad,Shendra MIDC,19.884991,75.415283,Battery|CRT|LCD/LED panel|Mixed plastic|Motor & magnet-bearing|PCB,MH/EW/2022/7558,active,2028-01-17,+91-9900952518,1.098,False,50,12,24,4.0,120,2026-01-01,True
REC1060,Vishwa Enviro LLP,authorised_recycler,Pune,Bhosari MIDC,18.635023,73.817644,Battery|Mixed plastic|Motor & magnet-bearing,MH/EW/2024/7814,active,2027-03-03,+91-9346191662,0.978,True,50,8,48,4.3,200,2025-12-17,True
REC1061,Aadi Green Tech Solutions Pvt Ltd,authorised_recycler,Nashik,Ambad MIDC,19.976167,73.716182,CRT|Mixed plastic|Motor & magnet-bearing|PCB,MH/EW/2024/8929,expiring_soon,2026-09-10,+91-9609141723,1.032,True,0,12,12,4.7,200,2026-06-13,True
REC1062,Shree Metals Enterprises,authorised_aggregator,Aurangabad,Shendra MIDC,19.872958,75.461709,Battery|Cable|LCD/LED panel|Motor & magnet-bearing,MH/EW/2025/4645,active,2027-06-28,+91-9423683662,0.99,False,0,20,24,3.7,350,2026-02-18,True
REC1063,Bharat Enviro Enterprises,authorised_recycler,Mumbai,Mahape MIDC,19.130163,73.018162,CRT|Cable|LCD/LED panel|Motor & magnet-bearing,MH/EW/2024/6335,expiring_soon,2026-10-02,+91-9444134942,1.024,True,0,20,72,4.1,350,2025-06-05,True
REC1064,Green Recyclers Industries,authorised_aggregator,Nashik,Sinnar MIDC,19.81367,73.998157,CRT|Mixed plastic|Motor & magnet-bearing|PCB,MH/EW/2019/7707,suspended,2027-05-02,+91-9402936790,0.937,False,50,25,72,3.6,500,2025-10-19,True
REC1065,Ganesh Metals LLP,authorised_aggregator,Pune,Chakan MIDC,18.742296,73.879172,Battery|CRT|LCD/LED panel|Mixed plastic,MH/EW/2025/2181,expired,2026-06-24,+91-9992235597,0.957,True,25,8,12,3.2,500,2026-07-09,True
REC1066,Konkan Metals Recycling Pvt Ltd,authorised_aggregator,Nagpur,Kalmeshwar MIDC,21.249439,78.918489,Battery|CRT|Cable|LCD/LED panel|Mixed plastic|Motor & magnet-bearing|PCB,MH/EW/2025/3209,active,2028-01-20,+91-9433922957,1.005,False,0,35,2,4.2,350,2026-08-02,True
REC1067,Trimurti Urban Mining Enterprises,authorised_aggregator,Pimpri-Chinchwad,Kasarwadi,18.609549,73.84435,Battery|CRT|LCD/LED panel|Mixed plastic|Motor & magnet-bearing,MH/EW/2024/8156,active,2027-06-01,+91-9724828379,0.968,False,0,20,72,4.0,80,2026-03-18,True
REC1068,Vidarbha Recovery Enterprises,authorised_recycler,Mumbai,Kurla Industrial Estate,19.065364,72.880145,Battery|CRT|Cable|LCD/LED panel|Mixed plastic|Motor & magnet-bearing|PCB,MH/EW/2024/2082,expired,2026-04-03,+91-9841490637,0.955,True,0,25,24,4.9,50,2026-04-08,True
REC1069,Trimurti Urban Mining Industries,authorised_dismantler,Nashik,Ambad MIDC,19.961843,73.714173,Battery|CRT|Cable|LCD/LED panel|Motor & magnet-bearing|PCB,MH/EW/2023/9240,active,2028-09-04,+91-9717450224,1.033,True,25,35,72,3.4,200,2025-09-08,True
REC1070,Maharashtra E-Waste Industries,authorised_recycler,Pune,Ranjangaon MIDC,18.729059,74.245401,Cable|LCD/LED panel|Mixed plastic|Motor & magnet-bearing|PCB,MH/EW/2021/9725,active,2028-02-25,+91-9661025516,1.03,False,25,20,6,3.8,350,2025-07-31,True
REC1071,Maharashtra Green Tech Recycling Pvt Ltd,authorised_recycler,Pune,Hadapsar IE,18.505354,73.914564,Cable|LCD/LED panel|Motor & magnet-bearing|PCB,MH/EW/2020/2696,active,2027-06-13,+91-9116873158,0.984,False,50,20,24,4.1,350,2025-11-25,True
REC1072,Aadi Resource Pvt Ltd,authorised_recycler,Pune,Ranjangaon MIDC,18.753425,74.24613,Battery|CRT|LCD/LED panel|Mixed plastic|Motor & magnet-bearing,MH/EW/2021/5825,active,2028-10-05,+91-9158648383,1.004,False,0,20,72,4.5,350,2026-02-02,True
REC1073,Green Enviro Enterprises,authorised_recycler,Mumbai,Taloja MIDC,19.067752,73.07251,Battery|CRT|LCD/LED panel|Mixed plastic|Motor & magnet-bearing|PCB,MH/EW/2025/2623,active,2028-07-09,+91-9783445468,1.004,False,50,20,48,4.1,120,2026-03-10,True
REC1074,Sai Scrap LLP,authorised_dismantler,Pune,Bhosari MIDC,18.625609,73.841869,Battery|Cable|PCB,MH/EW/2019/6217,active,2028-06-29,+91-9680005112,0.999,False,10,20,24,4.7,80,2025-05-26,True
