collector_id,display_name,home_city,preferred_language,literacy_tier,active_days_per_month,total_lots_transacted,total_weight_kg,gross_earnings_platform_inr,informal_benchmark_inr,earnings_paid_inr,earnings_pending_inr,uplift_vs_informal_inr,uplift_pct
COL2000,Suresh Shinde,Mumbai,mr,numerals_only,20,10,216.6,22563.06,18291.85,18038.98,4524.08,4271.21,23.35
COL2001,Arjun Sawant,Nagpur,mr,numerals_only,28,27,864.5,97607.3,81557.3,57218.31,40388.99,16050.0,19.68
COL2002,Sanjay Dhage,Pimpri-Chinchwad,hi,functional,16,25,760.3,84005.79,73792.54,74515.63,9490.16,10213.25,13.84
COL2003,Vikas Chavan,Nashik,mr,functional,23,19,536.0,89326.96,72811.93,76659.68,12667.28,16515.03,22.68
COL2004,Bhaskar Kamble,Aurangabad,mr,numerals_only,18,8,427.1,53120.48,45932.22,48463.75,4656.73,7188.26,15.65
COL2005,Sagar Ansari,Pune,mr,numerals_only,19,176,4962.2,582599.23,511718.5,448375.59,134223.64,70880.73,13.85
COL2006,Shobha Khan,Pune,mr,non_reader,28,14,198.8,53677.68,45242.68,45166.24,8511.44,8435.0,18.64
COL2007,Ravi Yadav,Nashik,mr,non_reader,7,39,1057.3,219987.29,182987.7,102243.44,117743.85,36999.59,20.22
COL2008,Rakesh Pawar,Pune,mr,functional,20,8,308.5,44520.7,41859.65,43362.76,1157.94,2661.05,6.36
COL2009,Sindhu Sawant,Mumbai,mr,non_reader,28,8,203.8,67828.51,60978.92,65938.91,1889.6,6849.59,11.23
COL2010,Sunita Salunkhe,Nashik,mr,functional,15,24,544.7,60241.08,51059.04,37561.36,22679.72,9182.04,17.98
COL2011,Vaishali Lokhande,Nagpur,mr,functional,15,45,1182.0,241023.57,202806.27,219560.25,21463.32,38217.3,18.84
COL2012,Shobha Ghorpade,Pune,mr,numerals_only,20,11,179.5,18707.68,16193.06,15890.04,2817.64,2514.62,15.53
COL2013,Deepak Qureshi,Nagpur,mr,functional,16,7,187.8,11479.53,10788.74,11479.53,0.0,690.79,6.4
COL2014,Suresh Sonawane,Nashik,mr,numerals_only,19,9,363.8,73916.03,63048.94,73003.49,912.54,10867.09,17.24
COL2015,Bhaskar Sawant,Pimpri-Chinchwad,mr,non_reader,27,15,511.5,40027.24,34799.34,30539.79,9487.45,5227.9,15.02
COL2016,Nitin Nikam,Pune,hi,functional,26,36,1115.8,119717.02,103025.84,101016.09,18700.93,16691.18,16.2
COL2017,Ashok More,Pimpri-Chinchwad,mr,functional,15,13,270.9,37475.98,30979.31,36007.74,1468.24,6496.67,20.97
COL2018,Shabana Nikam,Pune,mr,non_reader,19,82,3122.8,396905.19,354055.04,312512.58,84392.61,42850.15,12.1
COL2019,Arjun Mane,Mumbai,mr,functional,17,32,915.5,116178.71,98876.91,93959.71,22219.0,17301.8,17.5
COL2020,Firoz Nikam,Mumbai,mr,numerals_only,11,126,4285.4,589770.13,518887.12,373506.42,216263.71,70883.01,13.66
COL2021,Rakesh Bansode,Nagpur,hi,numerals_only,24,14,392.0,32464.59,27199.65,29752.06,2712.53,5264.94,19.36
COL2022,Sindhu More,Pune,other,functional,19,41,1254.5,187185.3,154576.19,180199.46,6985.84,32609.11,21.1
COL2023,Sunil Khan,Mumbai,mr,numerals_only,18,5,157.4,10215.35,8877.86,8003.77,2211.58,1337.49,15.07
COL2024,Rakesh Kumar,Mumbai,hi,numerals_only,21,12,247.7,16779.19,15726.08,11024.64,5754.55,1053.11,6.7
COL2025,Balu Jadhav,Nagpur,hi,non_reader,20,26,912.6,245295.92,207269.89,218344.64,26951.28,38026.03,18.35
COL2026,Rekha Yadav,Pimpri-Chinchwad,mr,numerals_only,17,34,975.0,105268.44,88308.87,91299.2,13969.24,16959.57,19.2
COL2027,Vikas Sawant,Mumbai,hi,non_reader,14,15,531.5,44606.12,39268.54,39175.15,5430.97,5337.58,13.59
COL2028,Prakash Nikam,Nagpur,other,numerals_only,15,5,127.0,6982.51,5613.1,5734.63,1247.88,1369.41,24.4
COL2029,Nitin Bansode,Aurangabad,mr,numerals_only,11,20,626.6,53684.6,46267.87,49751.12,3933.48,7416.73,16.03
COL2030,Manoj Qureshi,Pune,mr,numerals_only,16,43,1374.7,207362.75,187046.91,112704.28,94658.47,20315.84,10.86
COL2031,Sagar Waghmare,Pune,hi,non_reader,20,160,4831.0,485490.99,425591.67,390658.28,94832.71,59899.32,14.07
COL2032,Anita Yadav,Pune,hi,non_reader,25,13,515.1,94247.01,84344.06,76417.18,17829.83,9902.95,11.74
COL2033,Sunil Bansode,Mumbai,mr,numerals_only,25,6,193.0,44310.45,40181.19,1032.82,43277.63,4129.26,10.28
COL2034,Dattatray Shinde,Nashik,mr,non_reader,18,18,596.8,85173.13,70453.99,76262.4,8910.73,14719.14,20.89
COL2035,Manoj Khan,Pune,mr,numerals_only,18,8,260.9,51239.17,44016.51,17460.98,33778.19,7222.66,16.41
COL2036,Salim Tambe,Nashik,hi,functional,12,6,165.9,107797.19,90899.58,107797.19,0.0,16897.61,18.59
COL2037,Sanjay Sawant,Nagpur,mr,functional,28,5,67.7,2701.25,2426.18,2701.25,0.0,275.07,11.34
COL2038,Sagar Lokhande,Nagpur,mr,non_reader,18,65,2029.3,397675.98,325320.9,358910.68,38765.3,72355.08,22.24
COL2039,Imran Pawar,Mumbai,mr,numerals_only,19,15,437.5,82457.28,72369.22,61416.07,21041.21,10088.06,13.94
COL2040,Sunil Ansari,Nashik,other,numerals_only,21,359,11015.7,1313120.63,1145620.86,985082.43,328038.2,167499.77,14.62
COL2041,Firoz Deshmukh,Pune,other,functional,18,68,2221.1,311275.62,269713.8,199764.52,111511.1,41561.82,15.41
COL2042,Ujwala Rathod,Nagpur,hi,numerals_only,17,39,1089.3,84820.47,72554.64,63292.12,21528.35,12265.83,16.91
COL2043,Munna More,Pune,mr,functional,14,29,782.8,89494.9,71126.09,67166.89,22328.01,18368.81,25.83
COL2044,Munna Chavan,Pimpri-Chinchwad,hi,functional,14,17,431.5,37499.28,30963.76,36254.21,1245.07,6535.52,21.11
COL2045,Sanjay Ghorpade,Pune,hi,numerals_only,16,54,1727.3,328444.48,281085.39,287654.82,40789.66,47359.09,16.85
COL2046,Vaishali Shinde,Nagpur,mr,numerals_only,22,71,2239.1,224792.01,195436.97,190789.61,34002.4,29355.04,15.02
COL2047,Sagar Nikam,Pune,mr,numerals_only,28,125,3891.0,478015.51,413814.38,389382.91,88632.6,64201.13,15.51
COL2048,Sanjay Bhosale,Mumbai,mr,non_reader,22,16,612.2,58591.14,54132.45,41101.49,17489.65,4458.69,8.24
COL2049,Deepak Gaikwad,Pune,other,functional,20,14,502.9,56704.02,50380.68,50611.46,6092.56,6323.34,12.55
COL2050,Suresh Salunkhe,Aurangabad,mr,non_reader,26,20,538.3,69580.46,59131.34,61553.89,8026.57,10449.12,17.67
COL2051,Firoz Rathod,Mumbai,mr,functional,23,27,711.8,106201.94,88377.8,46211.61,59990.33,17824.14,20.17
COL2052,Kavita Kamble,Pune,mr,numerals_only,18,11,431.3,62884.54,55877.9,13979.26,48905.28,7006.64,12.54
COL2053,Rahul More,Pimpri-Chinchwad,mr,numerals_only,17,27,646.6,117590.28,101365.8,99084.08,18506.2,16224.48,16.01
COL2054,Bhaskar Jadhav,Mumbai,hi,functional,12,10,245.7,44913.02,38097.7,39344.22,5568.8,6815.32,17.89
COL2055,Imran Nikam,Mumbai,mr,functional,22,12,457.5,78925.84,68969.76,37446.42,41479.42,9956.08,14.44
COL2056,Suresh Qureshi,Pune,mr,numerals_only,15,90,3214.5,362111.74,300097.46,299163.77,62947.97,62014.28,20.66
COL2057,Rakesh Bhosale,Pune,mr,functional,23,34,682.8,134995.38,117817.88,112419.67,22575.71,17177.5,14.58
COL2058,Rakesh More,Nashik,hi,non_reader,17,16,475.3,48554.93,43518.9,31015.89,17539.04,5036.03,11.57
COL2059,Manoj Qureshi,Mumbai,hi,non_reader,15,17,393.4,50509.3,40375.47,13983.91,36525.39,10133.83,25.1
COL2060,Rukhsana Lokhande,Mumbai,other,numerals_only,12,10,132.3,27088.23,21923.41,22294.21,4794.02,5164.82,23.56
COL2061,Anita Ghorpade,Mumbai,mr,functional,15,14,268.2,44810.13,39169.47,39161.46,5648.67,5640.66,14.4
COL2062,Sandeep Sawant,Mumbai,mr,functional,13,57,1496.5,312543.75,274546.42,219910.69,92633.06,37997.33,13.84
COL2063,Rahul Yadav,Nashik,mr,numerals_only,24,47,1351.7,137067.46,120848.6,99323.73,37743.73,16218.86,13.42
COL2064,Rakesh Dhage,Mumbai,mr,non_reader,19,13,319.5,25676.99,21928.25,22125.9,3551.09,3748.74,17.1
COL2065,Rahul Ingle,Pune,hi,functional,22,42,1211.1,147946.12,126138.01,133220.85,14725.27,21808.11,17.29
COL2066,Kavita Nikam,Mumbai,mr,non_reader,25,9,448.7,52489.15,47001.14,41164.24,11324.91,5488.01,11.68
COL2067,Nitin Ingle,Pune,mr,numerals_only,19,11,387.0,42541.87,39580.05,42541.87,0.0,2961.82,7.48
COL2068,Vikas Rathod,Nashik,mr,numerals_only,20,19,410.0,153917.31,124723.86,44227.7,109689.61,29193.45,23.41
COL2069,Salim Gaikwad,Pimpri-Chinchwad,hi,numerals_only,10,17,509.5,49048.66,44301.9,31362.57,17686.09,4746.76,10.71
COL2070,Laxmi Deshmukh,Pune,mr,numerals_only,17,7,230.9,45854.6,41755.15,28323.99,17530.61,4099.45,9.82
COL2071,Tukaram More,Pune,hi,functional,26,71,2076.2,182366.95,165942.79,133256.79,49110.16,16424.16,9.9
COL2072,Rahul Gaikwad,Nashik,hi,functional,23,12,381.0,29312.81,26179.93,27225.43,2087.38,3132.88,11.97
COL2073,Sanjay Waghmare,Nagpur,mr,non_reader,21,60,1798.7,345952.92,287505.49,252516.06,93436.86,58447.43,20.33
COL2074,Kailas Jadhav,Mumbai,mr,non_reader,25,26,877.5,138524.77,115261.41,77489.78,61034.99,23263.36,20.18
COL2075,Sarika Jadhav,Mumbai,mr,non_reader,17,6,154.9,15915.78,13220.94,8376.13,7539.65,2694.84,20.38
COL2076,Deepak Shaikh,Mumbai,hi,functional,23,7,273.1,62883.77,49719.53,62883.77,0.0,13164.24,26.48
COL2077,Ashok Pawar,Mumbai,hi,numerals_only,18,13,451.5,140470.71,122423.54,134579.98,5890.73,18047.17,14.74
COL2078,Rakesh Qureshi,Mumbai,mr,functional,10,14,316.0,53184.57,41671.39,42862.59,10321.98,11513.18,27.63
COL2079,Sunita Pawar,Aurangabad,mr,numerals_only,23,13,210.6,19577.07,17511.33,11138.67,8438.4,2065.74,11.8
COL2080,Pandurang Dhage,Pimpri-Chinchwad,other,non_reader,21,17,334.1,47299.26,46496.34,43551.79,3747.47,802.92,1.73
COL2081,Rahul Dhage,Nashik,hi,non_reader,13,17,403.8,100202.42,84305.72,95362.11,4840.31,15896.7,18.86
COL2082,Sanjay Deshmukh,Pimpri-Chinchwad,other,numerals_only,17,18,328.5,36085.48,31410.62,30150.67,5934.81,4674.86,14.88
COL2083,Sarika Khan,Pune,mr,functional,24,28,635.3,79590.29,64351.83,75548.34,4041.95,15238.46,23.68
COL2084,Kailas Shinde,Aurangabad,hi,numerals_only,21,51,1617.9,218419.97,197234.55,160840.04,57579.93,21185.42,10.74
COL2085,Pandurang Lokhande,Mumbai,mr,non_reader,20,20,311.2,43381.35,36565.73,33819.41,9561.94,6815.62,18.64
COL2086,Prakash Ansari,Aurangabad,mr,non_reader,17,34,798.4,102981.25,83406.76,95707.89,7273.36,19574.49,23.47
COL2087,Manoj Gaikwad,Nashik,mr,numerals_only,19,5,267.3,22208.87,22539.53,21255.27,953.6,-330.66,-1.47
COL2088,Sunil Sonawane,Nagpur,other,numerals_only,20,44,1347.2,206590.29,167773.43,130753.96,75836.33,38816.86,23.14
COL2089,Vaishali Ansari,Nagpur,mr,functional,16,11,349.5,40410.4,36186.77,27590.28,12820.12,4223.63,11.67
COL2090,Ramesh Shaikh,Pune,mr,numerals_only,27,14,563.6,52410.08,44540.02,49175.54,3234.54,7870.06,17.67
COL2091,Prakash Salunkhe,Mumbai,mr,functional,17,18,644.0,86036.33,78020.3,70313.48,15722.85,8016.03,10.27
COL2092,Rahul Salunkhe,Pimpri-Chinchwad,mr,non_reader,26,22,629.6,121774.97,104328.21,76379.07,45395.9,17446.76,16.72
COL2093,Prakash Bansode,Pune,hi,non_reader,21,5,285.8,47285.85,46226.16,46790.13,495.72,1059.69,2.29
COL2094,Prakash Shinde,Mumbai,hi,functional,17,14,345.8,26156.72,22498.03,21643.92,4512.8,3658.69,16.26
COL2095,Rakesh Ingle,Nashik,mr,numerals_only,11,10,252.5,27807.87,23891.45,17735.73,10072.14,3916.42,16.39
COL2096,Sandeep Yadav,Mumbai,hi,functional,21,23,586.5,48100.95,43686.18,34555.35,13545.6,4414.77,10.11
COL2097,Rahul Shinde,Nashik,mr,numerals_only,14,19,343.1,42630.34,36701.46,27638.36,14991.98,5928.88,16.15
COL2098,Rahul Kamble,Pune,mr,non_reader,23,43,1606.3,280342.0,221582.36,201660.9,78681.1,58759.64,26.52
COL2099,Manoj Sonawane,Pimpri-Chinchwad,mr,non_reader,19,41,1268.5,124169.82,111549.42,97036.82,27133.0,12620.4,11.31
COL2100,Pandurang Mane,Mumbai,mr,non_reader,24,7,408.5,32085.46,29056.52,25946.15,6139.31,3028.94,10.42
COL2101,Vaishali Kamble,Nagpur,hi,numerals_only,28,12,410.6,28119.96,26367.71,15615.43,12504.53,1752.25,6.65
COL2102,Prakash Mane,Mumbai,hi,functional,12,79,2278.5,328447.5,315238.82,297068.11,31379.39,13208.68,4.19
COL2103,Salim Salunkhe,Nagpur,other,numerals_only,15,11,297.0,14433.05,13302.67,13380.17,1052.88,1130.38,8.5
COL2104,Mahesh Sawant,Pune,hi,numerals_only,21,13,370.2,31866.35,28455.61,25698.38,6167.97,3410.74,11.99
COL2105,Ujwala Bansode,Pune,hi,numerals_only,19,23,488.0,72162.42,63066.57,45932.06,26230.36,9095.85,14.42
COL2106,Sarika Tambe,Nashik,mr,numerals_only,19,4,90.2,31125.6,25239.57,31125.6,0.0,5886.03,23.32
COL2107,Tukaram Jadhav,Mumbai,other,functional,28,6,238.9,23848.5,20130.07,23734.82,113.68,3718.43,18.47
COL2108,Bhaskar Nikam,Mumbai,mr,functional,16,20,536.8,93599.42,82253.34,77981.17,15618.25,11346.08,13.79
COL2109,Bhaskar Shinde,Mumbai,other,numerals_only,26,14,484.6,43812.33,37104.54,40574.22,3238.11,6707.79,18.08
COL2110,Shankar Bhosale,Pune,mr,non_reader,22,13,315.0,30058.9,28380.47,20773.55,9285.35,1678.43,5.91
COL2111,Imran Lokhande,Pimpri-Chinchwad,hi,functional,12,63,2025.4,224163.2,168302.74,189351.09,34812.11,55860.46,33.19
COL2112,Dattatray Kamble,Nashik,hi,numerals_only,14,77,2095.7,183408.53,157278.22,146858.93,36549.6,26130.31,16.61
COL2113,Ravi Dhage,Nashik,mr,functional,17,21,638.3,102874.04,100305.66,89947.91,12926.13,2568.38,2.56
COL2114,Rahul Ansari,Pune,mr,non_reader,17,17,366.9,37806.96,31997.03,36627.73,1179.23,5809.93,18.16
COL2115,Tukaram Jadhav,Aurangabad,mr,numerals_only,23,30,738.1,117289.45,67542.03,107805.3,9484.15,49747.42,73.65
COL2116,Bhaskar More,Pune,hi,non_reader,22,13,349.1,18999.6,16688.43,13314.99,5684.61,2311.17,13.85
COL2117,Tukaram Waghmare,Nagpur,hi,numerals_only,26,5,62.7,3268.89,2753.54,1653.82,1615.07,515.35,18.72
COL2118,Vikas Khan,Mumbai,mr,functional,17,18,794.8,86087.71,74657.27,73883.48,12204.23,11430.44,15.31
COL2119,Salim Kamble,Pune,mr,functional,24,22,512.3,69931.87,63978.79,57020.0,12911.87,5953.08,9.3
COL2120,Vikas Bansode,Mumbai,hi,non_reader,16,23,654.7,98804.67,82574.02,82557.67,16247.0,16230.65,19.66
COL2121,Prakash Mane,Pune,mr,functional,16,10,374.2,39902.95,34678.1,36773.96,3128.99,5224.85,15.07
COL2122,Rakesh Pawar,Mumbai,mr,numerals_only,12,24,811.1,74102.15,64501.39,51832.92,22269.23,9600.76,14.88
COL2123,Dattatray Jadhav,Pune,other,non_reader,12,14,521.2,68053.95,59589.46,32331.73,35722.22,8464.49,14.2
COL2124,Ravi Yadav,Pune,mr,functional,18,9,139.0,11983.09,10188.43,9938.12,2044.97,1794.66,17.61
COL2125,Ganesh Mane,Nagpur,mr,functional,22,14,512.3,129491.99,106183.51,121923.7,7568.29,23308.48,21.95
COL2126,Rakesh Gaikwad,Nashik,mr,numerals_only,15,14,546.8,31437.43,27855.02,28626.91,2810.52,3582.41,12.86
COL2127,Dattatray Rathod,Nashik,other,numerals_only,22,14,460.4,118287.82,96428.71,114360.84,3926.98,21859.11,22.67
COL2128,Ravi Ansari,Pune,mr,non_reader,9,19,380.5,74364.28,65044.39,66578.85,7785.43,9319.89,14.33
COL2129,Nanda Kumar,Pune,mr,numerals_only,27,134,3835.6,449767.56,399380.94,388789.05,60978.51,50386.62,12.62
COL2130,Ramesh Deshmukh,Nashik,hi,non_reader,25,11,253.7,30790.48,26685.08,27185.68,3604.8,4105.4,15.38
COL2131,Sunil Lokhande,Pune,mr,non_reader,18,23,737.1,135780.79,114709.24,132743.36,3037.43,21071.55,18.37
COL2132,Mahesh Ingle,Nashik,mr,functional,15,70,1946.1,207750.05,184479.1,169170.15,38579.9,23270.95,12.61
COL2133,Anita Ghorpade,Mumbai,mr,numerals_only,13,7,63.9,11782.39,9965.23,2342.99,9439.4,1817.16,18.24
COL2134,Ravi Tambe,Aurangabad,hi,numerals_only,19,22,406.4,41839.53,35671.51,29426.9,12412.63,6168.02,17.29
COL2135,Sagar Tambe,Mumbai,hi,non_reader,17,43,1137.0,98215.29,85699.64,74281.74,23933.55,12515.65,14.6
COL2136,Mahesh Shinde,Mumbai,hi,functional,11,19,572.1,37186.39,31623.98,27743.94,9442.45,5562.41,17.59
COL2137,Rahul Salunkhe,Nashik,mr,non_reader,5,17,564.0,58319.69,54849.29,22527.97,35791.72,3470.4,6.33
COL2138,Nitin Dhage,Pune,hi,non_reader,19,27,662.5,126656.82,102933.77,73460.57,53196.25,23723.05,23.05
COL2139,Arjun Deshmukh,Mumbai,mr,functional,14,2592,77129.1,11070927.94,9404464.2,8147946.44,2922981.5,1666463.74,17.72
COL2140,Sagar Sawant,Pune,mr,functional,14,108,3755.9,406443.47,347107.67,268037.35,138406.12,59335.8,17.09
COL2141,Shankar Deshmukh,Aurangabad,mr,functional,10,25,699.7,173893.19,131950.45,167667.68,6225.51,41942.74,31.79
COL2142,Sindhu Mane,Pimpri-Chinchwad,hi,functional,16,8,212.9,55157.37,45613.68,51073.25,4084.12,9543.69,20.92
COL2143,Munna Shaikh,Pune,mr,numerals_only,18,110,3172.5,361611.66,306132.51,291758.17,69853.49,55479.15,18.12
COL2144,Shabana Pawar,Nashik,mr,non_reader,18,26,782.6,160548.3,136502.41,146984.24,13564.06,24045.89,17.62
COL2145,Nanda Sawant,Mumbai,hi,non_reader,10,11,275.9,42441.29,36307.55,19358.19,23083.1,6133.74,16.89
COL2146,Ashok Salunkhe,Pimpri-Chinchwad,mr,numerals_only,17,6,58.7,21552.66,17124.28,333.89,21218.77,4428.38,25.86
COL2147,Bhaskar Rathod,Pune,hi,numerals_only,23,10,172.6,20059.83,17708.68,14509.32,5550.51,2351.15,13.28
COL2148,Jyoti Kamble,Nagpur,mr,numerals_only,22,14,361.4,78124.96,61364.43,70317.38,7807.58,16760.53,27.31
COL2149,Mahesh Waghmare,Nashik,mr,numerals_only,22,18,520.9,54851.62,47825.58,26244.56,28607.06,7026.04,14.69
COL2150,Munna Khan,Aurangabad,mr,numerals_only,20,7,398.6,22712.46,18333.83,14523.6,8188.86,4378.63,23.88
COL2151,Sindhu Khan,Nagpur,hi,numerals_only,24,54,1395.2,126820.29,106356.71,93479.71,33340.58,20463.58,19.24
COL2152,Suresh Mane,Nashik,hi,functional,18,13,365.6,141977.89,115225.12,135219.45,6758.44,26752.77,23.22
COL2153,Arjun Lokhande,Aurangabad,mr,functional,22,6,178.1,24350.61,25955.83,24350.61,0.0,-1605.22,-6.18
COL2154,Ramesh Pawar,Nashik,mr,numerals_only,27,5,58.7,3745.49,3347.7,1572.54,2172.95,397.79,11.88
COL2155,Sindhu Ansari,Nagpur,hi,non_reader,24,16,456.5,37980.57,31193.0,25854.82,12125.75,6787.57,21.76
COL2156,Jyoti Dhage,Pune,mr,non_reader,19,37,1182.4,151893.41,130789.34,121319.16,30574.25,21104.07,16.14
COL2157,Nitin Rathod,Nashik,mr,numerals_only,15,25,1029.0,139881.55,119922.82,121262.55,18619.0,19958.73,16.64
COL2158,Rahul More,Pune,hi,non_reader,19,17,644.7,56846.14,60458.78,54086.5,2759.64,-3612.64,-5.98
COL2159,Shabana Gaikwad,Aurangabad,hi,non_reader,24,7,219.4,24884.78,37957.85,21364.84,3519.94,-13073.07,-34.44
COL2160,Deepak Salunkhe,Nagpur,mr,numerals_only,15,7,202.4,6148.7,5075.5,5896.88,251.82,1073.2,21.14
COL2161,Sarika Sawant,Pimpri-Chinchwad,other,numerals_only,19,18,522.5,149376.28,126584.24,76820.98,72555.3,22792.04,18.01
COL2162,Rekha Rathod,Nashik,mr,non_reader,28,15,415.2,101921.23,82065.49,80500.45,21420.78,19855.74,24.19
COL2163,Sarika Shinde,Aurangabad,mr,numerals_only,24,28,840.5,46407.15,42815.59,32635.74,13771.41,3591.56,8.39
COL2164,Sunita Kamble,Mumbai,other,numerals_only,20,26,872.2,61613.9,52538.12,46132.52,15481.38,9075.78,17.27
COL2165,Nitin Shinde,Pimpri-Chinchwad,mr,numerals_only,14,83,2378.8,350321.94,292000.86,282896.24,67425.7,58321.08,19.97
COL2166,Rakesh Kamble,Mumbai,mr,numerals_only,20,6,176.4,7303.98,6739.04,6808.14,495.84,564.94,8.38
COL2167,Arjun Shinde,Mumbai,hi,non_reader,18,4,128.3,9291.87,7886.32,4831.63,4460.24,1405.55,17.82
COL2168,Manoj Lokhande,Pimpri-Chinchwad,mr,numerals_only,18,212,6128.5,765846.24,683371.05,575025.03,190821.21,82475.19,12.07
COL2169,Suresh Waghmare,Mumbai,hi,numerals_only,21,13,310.0,58512.09,49787.82,48743.19,9768.9,8724.27,17.52
COL2170,Vikas Lokhande,Nagpur,mr,numerals_only,28,7,204.5,14403.65,12732.69,5611.33,8792.32,1670.96,13.12
COL2171,Firoz Tambe,Mumbai,hi,numerals_only,19,23,838.0,71049.02,64210.89,58589.7,12459.32,6838.13,10.65
COL2172,Ravi Deshmukh,Mumbai,mr,numerals_only,20,17,470.4,97703.27,79742.54,52008.95,45694.32,17960.73,22.52
COL2173,Vitthal Bhosale,Mumbai,hi,numerals_only,25,6,221.3,60763.2,49116.46,56060.31,4702.89,11646.74,23.71
COL2174,Nitin Lokhande,Mumbai,mr,functional,18,36,1213.7,138748.51,120827.75,112574.43,26174.08,17920.76,14.83
COL2175,Kailas Qureshi,Pimpri-Chinchwad,hi,numerals_only,28,6,453.2,27630.16,25255.78,18846.15,8784.01,2374.38,9.4
COL2176,Vitthal Mane,Mumbai,mr,numerals_only,22,21,660.3,104171.37,82522.35,81794.92,22376.45,21649.02,26.23
COL2177,Rukhsana Nikam,Nashik,mr,functional,20,8,277.3,27011.68,24135.28,24460.56,2551.12,2876.4,11.92
COL2178,Tukaram Gaikwad,Pune,mr,numerals_only,15,10,175.6,35870.29,26534.84,28700.64,7169.65,9335.45,35.18
COL2179,Salim Dhage,Pune,other,numerals_only,16,13,395.9,41722.41,35811.77,40042.78,1679.63,5910.64,16.5
COL2180,Salim Yadav,Nashik,hi,non_reader,8,6,130.9,31121.97,27733.71,8979.48,22142.49,3388.26,12.22
COL2181,Ramesh Yadav,Nashik,mr,numerals_only,16,21,408.6,39301.02,33505.14,24295.18,15005.84,5795.88,17.3
COL2182,Bhaskar Tambe,Pune,mr,numerals_only,23,17,492.5,172205.54,147011.09,130879.66,41325.88,25194.45,17.14
COL2183,Laxmi Pawar,Nashik,mr,functional,22,8,213.6,43509.4,37549.38,16899.21,26610.19,5960.02,15.87
COL2184,Anita Ingle,Mumbai,hi,numerals_only,11,17,509.6,65945.75,59723.25,21130.89,44814.86,6222.5,10.42
COL2185,Tukaram Ansari,Nashik,mr,functional,18,55,1819.8,199999.45,173687.74,114395.52,85603.93,26311.71,15.15
COL2186,Kailas Kamble,Nashik,mr,numerals_only,19,18,519.3,111542.6,87068.98,93362.77,18179.83,24473.62,28.11
COL2187,Mahesh Khan,Pune,mr,numerals_only,25,13,545.0,55252.91,47536.06,53890.4,1362.51,7716.85,16.23
COL2188,Anita Mane,Mumbai,mr,numerals_only,15,20,734.9,203290.25,156579.8,192737.47,10552.78,46710.45,29.83
COL2189,Salim Jadhav,Aurangabad,hi,non_reader,20,10,235.0,13889.5,13151.67,10925.04,2964.46,737.83,5.61
COL2190,Pandurang Pawar,Mumbai,mr,non_reader,14,15,306.1,18451.6,15602.71,17047.74,1403.86,2848.89,18.26
COL2191,Rakesh Qureshi,Pimpri-Chinchwad,mr,numerals_only,28,23,592.1,59619.39,51771.03,58782.79,836.6,7848.36,15.16
COL2192,Manoj Kamble,Pune,hi,numerals_only,26,35,1198.5,123936.03,105679.07,100427.6,23508.43,18256.96,17.28
COL2193,Tukaram Pawar,Mumbai,mr,functional,20,17,548.4,82025.88,76890.65,38556.07,43469.81,5135.23,6.68
COL2194,Mahesh Deshmukh,Nagpur,hi,non_reader,22,32,1196.7,137138.8,119709.76,98999.76,38139.04,17429.04,14.56
COL2195,Balu Nikam,Pimpri-Chinchwad,mr,non_reader,24,13,429.7,39924.89,36444.53,35272.24,4652.65,3480.36,9.55
COL2196,Ravi Gaikwad,Mumbai,other,numerals_only,23,11,220.5,10900.45,9565.54,8981.81,1918.64,1334.91,13.96
COL2197,Shankar Shinde,Pimpri-Chinchwad,mr,non_reader,8,11,464.2,38979.9,34672.47,26724.01,12255.89,4307.43,12.42
COL2198,Munna Shaikh,Mumbai,mr,non_reader,11,8,197.5,119357.81,106194.08,117147.88,2209.93,13163.73,12.4
COL2199,Deepak Waghmare,Nagpur,mr,functional,28,7,260.7,32302.76,29400.87,32302.76,0.0,2901.89,9.87
COL2200,Ashok Waghmare,Mumbai,mr,functional,20,216,6373.8,832284.54,691063.12,652762.29,179522.25,141221.42,20.44
COL2201,Bhaskar Waghmare,Pune,mr,numerals_only,11,13,406.2,82763.4,69962.3,61574.38,21189.02,12801.1,18.3
COL2202,Rahul Nikam,Aurangabad,mr,numerals_only,15,23,712.2,84918.68,73411.36,77477.75,7440.93,11507.32,15.68
COL2203,Sagar Sonawane,Pimpri-Chinchwad,hi,numerals_only,28,6,138.3,32767.68,29563.54,17376.61,15391.07,3204.14,10.84
COL2204,Rahul Sawant,Pune,mr,numerals_only,19,29,830.4,79669.32,68518.43,57663.74,22005.58,11150.89,16.27
COL2205,Rakesh Mane,Pune,mr,functional,22,232,6872.2,821972.94,727671.68,651564.93,170408.01,94301.26,12.96
COL2206,Ashok Salunkhe,Mumbai,hi,functional,27,8,187.3,25637.77,20679.12,24376.87,1260.9,4958.65,23.98
COL2207,Ravi Pawar,Pune,other,numerals_only,12,35,1240.0,122356.46,108012.28,82721.26,39635.2,14344.18,13.28
COL2208,Salim Dhage,Pimpri-Chinchwad,hi,non_reader,26,53,1486.5,189443.44,168736.92,182232.21,7211.23,20706.52,12.27
COL2209,Anita Jadhav,Pune,hi,functional,17,50,1568.0,281291.65,228887.31,212513.75,68777.9,52404.34,22.9
COL2210,Nitin Lokhande,Nashik,mr,non_reader,13,15,581.8,46807.62,44061.89,40879.21,5928.41,2745.73,6.23
COL2211,Prakash Salunkhe,Mumbai,mr,numerals_only,24,34,856.5,118085.2,98848.1,82761.28,35323.92,19237.1,19.46
COL2212,Deepak Lokhande,Nagpur,mr,non_reader,17,52,1406.7,218641.4,182591.55,160196.83,58444.57,36049.85,19.74
COL2213,Sarika Kamble,Nashik,mr,numerals_only,25,8,117.0,12119.31,9810.84,6878.01,5241.3,2308.47,23.53
COL2214,Nitin Mane,Mumbai,mr,functional,18,20,807.8,71707.92,59300.64,21336.76,50371.16,12407.28,20.92
COL2215,Ravi Tambe,Mumbai,mr,functional,27,9,204.3,30120.97,26510.54,16662.97,13458.0,3610.43,13.62
COL2216,Sarika Gaikwad,Pune,mr,non_reader,15,28,813.7,121411.17,108087.08,80093.0,41318.17,13324.09,12.33
COL2217,Munna Sawant,Aurangabad,mr,numerals_only,20,329,10071.4,1132780.67,967651.61,814028.12,318752.55,165129.06,17.06
COL2218,Dattatray Deshmukh,Pune,other,functional,23,70,2081.6,230183.09,194064.28,141420.29,88762.8,36118.81,18.61
COL2219,Kavita Ingle,Pimpri-Chinchwad,hi,functional,25,31,797.0,103324.64,87850.05,90942.96,12381.68,15474.59,17.61
COL2220,Firoz Dhage,Nashik,mr,numerals_only,13,40,771.5,125618.02,109651.74,47858.05,77759.97,15966.28,14.56
COL2221,Manoj Khan,Pune,hi,numerals_only,19,46,1548.2,210959.15,181711.01,129747.37,81211.78,29248.14,16.1
COL2222,Ravi Sonawane,Nashik,mr,non_reader,21,47,1264.0,145546.59,117374.47,116873.07,28673.52,28172.12,24.0
COL2223,Vitthal Waghmare,Nagpur,other,numerals_only,5,48,1249.1,150978.95,125305.17,124706.85,26272.1,25673.78,20.49
COL2224,Sanjay Qureshi,Pune,other,numerals_only,20,11,307.4,41312.65,36397.08,41124.19,188.46,4915.57,13.51
COL2225,Shankar Dhage,Pune,hi,functional,24,21,393.0,114946.93,97521.71,78571.91,36375.02,17425.22,17.87
COL2226,Rahul Bhosale,Pune,other,functional,15,8,236.9,41500.84,38804.75,26007.95,15492.89,2696.09,6.95
COL2227,Manoj Kamble,Aurangabad,mr,numerals_only,24,25,794.3,111592.3,99237.78,70985.58,40606.72,12354.52,12.45
COL2228,Kailas Deshmukh,Nagpur,mr,numerals_only,20,8,232.0,15062.59,13301.05,9045.28,6017.31,1761.54,13.24
COL2229,Shankar Shaikh,Nagpur,hi,numerals_only,16,7,79.5,42041.75,36532.53,41925.95,115.8,5509.22,15.08
COL2230,Vikas Tambe,Pune,mr,functional,14,60,1688.5,237024.55,207480.76,187360.31,49664.24,29543.79,14.24
COL2231,Sandeep Mane,Nagpur,mr,numerals_only,22,48,1391.9,153966.35,139814.7,129969.35,23997.0,14151.65,10.12
COL2232,Ganesh Dhage,Mumbai,other,functional,27,6,253.4,26293.49,51938.52,26293.49,0.0,-25645.03,-49.38
COL2233,Pandurang Shaikh,Mumbai,mr,numerals_only,15,9,194.1,75265.65,63971.54,60749.45,14516.2,11294.11,17.65
COL2234,Pandurang Rathod,Pimpri-Chinchwad,mr,numerals_only,20,18,557.8,99370.07,85286.62,91856.46,7513.61,14083.45,16.51
COL2235,Ganesh Pawar,Aurangabad,hi,functional,14,18,338.0,59662.56,49603.52,45948.17,13714.39,10059.04,20.28
COL2236,Nanda Dhage,Nashik,mr,numerals_only,18,21,642.2,63650.86,54715.83,59677.96,3972.9,8935.03,16.33
COL2237,Ujwala Shinde,Mumbai,mr,functional,20,16,498.2,51591.95,43894.28,33089.71,18502.24,7697.67,17.54
COL2238,Shobha Dhage,Mumbai,mr,numerals_only,20,20,516.0,107145.25,91878.51,102233.97,4911.28,15266.74,16.62
COL2239,Sunita Nikam,Nagpur,mr,numerals_only,20,5,115.5,6501.91,6140.01,6501.91,0.0,361.9,5.89
COL2240,Nitin Yadav,Pune,mr,non_reader,20,26,661.0,130388.14,108579.12,115756.15,14631.99,21809.02,20.09
COL2241,Sagar Rathod,Mumbai,mr,non_reader,25,4,120.9,8796.5,7253.03,8796.5,0.0,1543.47,21.28
COL2242,Kailas Bansode,Nagpur,mr,non_reader,28,30,1215.2,108340.13,92137.52,79576.56,28763.57,16202.61,17.59
COL2243,Ramesh Dhage,Nashik,hi,numerals_only,25,95,2522.5,267891.14,233127.54,179228.23,88662.91,34763.6,14.91
COL2244,Munna Tambe,Mumbai,hi,numerals_only,21,68,2215.0,317761.27,282862.85,247921.25,69840.02,34898.42,12.34
COL2245,Shobha Ghorpade,Pune,hi,functional,24,36,1061.1,193445.12,167893.18,136366.02,57079.1,25551.94,15.22
COL2246,Arjun Chavan,Pimpri-Chinchwad,mr,numerals_only,22,4,97.4,30676.46,25253.51,26267.93,4408.53,5422.95,21.47
COL2247,Vikas Sawant,Pimpri-Chinchwad,mr,non_reader,26,15,503.8,44102.62,38297.53,34784.08,9318.54,5805.09,15.16
COL2248,Munna Deshmukh,Pimpri-Chinchwad,mr,non_reader,23,49,1296.7,149775.47,130455.89,112290.47,37485.0,19319.58,14.81
COL2249,Arjun Pawar,Mumbai,hi,functional,23,16,535.2,98236.71,90201.13,93466.01,4770.7,8035.58,8.91
COL2250,Rahul Dhage,Mumbai,mr,functional,24,10,344.1,29576.73,27556.37,29190.01,386.72,2020.36,7.33
COL2251,Pandurang Waghmare,Mumbai,hi,functional,28,11,372.1,25480.59,23643.74,21931.84,3548.75,1836.85,7.77
COL2252,Mangala Shaikh,Mumbai,hi,numerals_only,14,32,919.7,73799.85,63880.38,56477.0,17322.85,9919.47,15.53
COL2253,Munna Tambe,Pimpri-Chinchwad,mr,functional,23,13,301.2,28416.51,25742.59,19930.3,8486.21,2673.92,10.39
COL2254,Anita Kumar,Pimpri-Chinchwad,mr,numerals_only,16,15,406.6,80327.38,74518.87,79607.93,719.45,5808.51,7.79
COL2255,Sunil More,Aurangabad,mr,functional,15,12,610.7,26615.39,23629.72,22769.22,3846.17,2985.67,12.64
COL2256,Ravi Mane,Nagpur,mr,numerals_only,17,38,939.9,93440.99,79139.78,61916.86,31524.13,14301.21,18.07
COL2257,Vitthal Shinde,Pune,mr,non_reader,9,6,224.6,47647.88,41456.56,47647.88,0.0,6191.32,14.93
COL2258,Rekha Dhage,Mumbai,mr,numerals_only,22,93,2758.5,548498.26,404035.0,458444.5,90053.76,144463.26,35.76
COL2259,Kailas Bansode,Pune,hi,numerals_only,17,9,191.0,27834.32,25053.41,19654.19,8180.13,2780.91,11.1
COL2260,Sandeep Sawant,Mumbai,mr,functional,22,6,126.0,12462.97,10653.78,2853.62,9609.35,1809.19,16.98
COL2261,Arjun Shinde,Mumbai,hi,functional,24,21,647.6,65234.09,60810.22,64301.27,932.82,4423.87,7.27
COL2262,Pandurang Nikam,Nashik,mr,numerals_only,22,25,1157.6,154820.72,127458.65,118891.12,35929.6,27362.07,21.47
COL2263,Dattatray Rathod,Nagpur,mr,numerals_only,19,28,930.2,137190.99,114836.3,95800.83,41390.16,22354.69,19.47
COL2264,Sindhu Tambe,Pune,mr,non_reader,17,24,686.3,117012.62,99869.06,76241.77,40770.85,17143.56,17.17
COL2265,Deepak Ingle,Pune,mr,functional,16,66,1914.4,416895.08,346065.27,339896.35,76998.73,70829.81,20.47
COL2266,Salim Yadav,Mumbai,mr,numerals_only,13,8,293.8,18969.15,16275.29,17071.24,1897.91,2693.86,16.55
COL2267,Shankar Kamble,Nashik,mr,numerals_only,28,407,11829.2,1683801.78,1439928.84,1304099.56,379702.22,243872.94,16.94
COL2268,Sanjay Ghorpade,Pune,mr,numerals_only,21,145,4496.7,568912.09,487632.37,488075.78,80836.31,81279.72,16.67
COL2269,Arjun Rathod,Mumbai,mr,numerals_only,12,11,396.4,57222.59,50034.9,29133.13,28089.46,7187.69,14.37
COL2270,Sunil More,Pimpri-Chinchwad,mr,non_reader,9,16,572.4,110204.1,94036.34,108550.75,1653.35,16167.76,17.19
COL2271,Jyoti Gaikwad,Pimpri-Chinchwad,hi,non_reader,25,21,810.1,74612.32,69840.62,52384.11,22228.21,4771.7,6.83
COL2272,Dattatray More,Aurangabad,mr,numerals_only,18,17,734.0,44447.95,40568.56,35884.56,8563.39,3879.39,9.56
COL2273,Sagar Kamble,Nagpur,mr,numerals_only,21,48,1237.9,233271.3,191616.74,118626.19,114645.11,41654.56,21.74
COL2274,Ganesh Dhage,Nagpur,hi,non_reader,18,15,392.7,63106.99,54827.71,61541.69,1565.3,8279.28,15.1
COL2275,Rahul Nikam,Mumbai,mr,numerals_only,20,7,152.9,16144.59,14195.04,16022.57,122.02,1949.55,13.73
COL2276,Sunita Shaikh,Pune,mr,functional,11,14,297.9,37711.45,30607.36,33514.62,4196.83,7104.09,23.21
COL2277,Balu Kumar,Pune,mr,non_reader,10,5,236.3,26351.22,23113.67,24558.56,1792.66,3237.55,14.01
COL2278,Imran Pawar,Nagpur,hi,non_reader,28,133,3864.4,483824.23,406707.08,345469.22,138355.01,77117.15,18.96
COL2279,Mangala Kumar,Nagpur,hi,numerals_only,19,7,205.8,6613.27,5101.54,6613.27,0.0,1511.73,29.63
COL2280,Nitin Lokhande,Pune,hi,numerals_only,20,12,315.4,52614.78,44400.88,51766.36,848.42,8213.9,18.5
COL2281,Ashok Lokhande,Nashik,mr,non_reader,22,20,539.9,83736.38,70590.18,64764.1,18972.28,13146.2,18.62
COL2282,Sandeep Dhage,Pune,mr,non_reader,17,21,735.8,100182.19,74865.29,78020.43,22161.76,25316.9,33.82
COL2283,Bhaskar Pawar,Pune,mr,non_reader,19,32,618.9,213051.9,135929.08,69717.74,143334.16,77122.82,56.74
COL2284,Sunil Dhage,Mumbai,mr,numerals_only,18,15,332.7,29661.29,23079.23,14338.27,15323.02,6582.06,28.52
COL2285,Rakesh Lokhande,Pune,other,functional,25,10,268.2,10156.9,8705.54,4061.67,6095.23,1451.36,16.67
COL2286,Firoz Khan,Pune,hi,numerals_only,13,69,2305.0,230112.33,209477.76,177161.17,52951.16,20634.57,9.85
COL2287,Dattatray Shinde,Pimpri-Chinchwad,mr,non_reader,24,15,518.1,54697.67,49731.14,46962.0,7735.67,4966.53,9.99
COL2288,Deepak Kamble,Nashik,hi,functional,22,14,374.9,27733.5,25087.62,19549.21,8184.29,2645.88,10.55
COL2289,Vaishali Nikam,Pune,mr,numerals_only,18,69,2352.2,209392.94,184692.17,180499.19,28893.75,24700.77,13.37
COL2290,Mangala Ingle,Pune,hi,functional,17,10,309.1,16539.0,15475.9,16539.0,0.0,1063.1,6.87
COL2291,Firoz Yadav,Pimpri-Chinchwad,other,non_reader,18,44,1209.6,288014.29,251892.34,264837.0,23177.29,36121.95,14.34
COL2292,Suresh Nikam,Nagpur,hi,functional,20,23,699.4,51789.54,48361.54,40163.71,11625.83,3428.0,7.09
COL2293,Rahul Ghorpade,Mumbai,mr,numerals_only,17,3,57.6,5668.66,4163.93,5668.66,0.0,1504.73,36.14
COL2294,Shabana Ingle,Pune,mr,non_reader,20,16,400.1,45654.23,40622.0,32355.71,13298.52,5032.23,12.39
COL2295,Nitin Waghmare,Pimpri-Chinchwad,hi,functional,23,13,443.5,64654.66,55008.31,40359.24,24295.42,9646.35,17.54
COL2296,Sunil Waghmare,Nagpur,hi,numerals_only,21,8,166.6,21371.46,20765.23,7196.63,14174.83,606.23,2.92
COL2297,Sarika Nikam,Mumbai,hi,numerals_only,13,22,913.8,142136.04,119395.76,128190.01,13946.03,22740.28,19.05
COL2298,Vaishali Ghorpade,Pune,mr,functional,18,6,204.9,27813.47,25213.91,12103.7,15709.77,2599.56,10.31
COL2299,Rukhsana Dhage,Pimpri-Chinchwad,mr,numerals_only,24,21,580.1,81197.37,70515.6,54305.16,26892.21,10681.77,15.15
COL2300,Bhaskar Sawant,Mumbai,mr,functional,19,44,1274.8,114345.4,102947.62,93577.86,20767.54,11397.78,11.07
COL2301,Suresh Pawar,Pune,hi,numerals_only,17,25,1022.5,59442.52,53082.49,47322.95,12119.57,6360.03,11.98
COL2302,Imran Pawar,Aurangabad,mr,non_reader,14,9,308.6,21927.03,18250.33,20707.19,1219.84,3676.7,20.15
COL2303,Sindhu Ingle,Pimpri-Chinchwad,hi,numerals_only,16,10,333.3,36019.05,32335.99,21831.34,14187.71,3683.06,11.39
COL2304,Manoj Kamble,Nagpur,mr,numerals_only,15,34,914.0,116801.38,92524.33,87344.89,29456.49,24277.05,26.24
COL2305,Rukhsana Nikam,Pune,mr,numerals_only,19,9,167.0,25831.78,21507.34,19704.23,6127.55,4324.44,20.11
COL2306,Tukaram Tambe,Mumbai,mr,non_reader,11,26,966.6,154740.07,130067.82,151788.26,2951.81,24672.25,18.97
COL2307,Munna Bansode,Nagpur,hi,numerals_only,24,11,352.1,61511.18,48554.03,54950.27,6560.91,12957.15,26.69
COL2308,Nitin Mane,Nashik,mr,numerals_only,27,59,2031.3,342321.63,293427.27,154338.54,187983.09,48894.36,16.66
COL2309,Deepak Sawant,Aurangabad,mr,non_reader,18,43,1131.5,116755.52,100867.75,106763.3,9992.22,15887.77,15.75
COL2310,Vikas Ghorpade,Nagpur,mr,non_reader,22,15,646.4,84719.85,68795.91,73222.89,11496.96,15923.94,23.15
COL2311,Sunita Shaikh,Pune,hi,numerals_only,12,15,379.9,69732.96,58766.11,54842.87,14890.09,10966.85,18.66
COL2312,Sunita More,Mumbai,hi,numerals_only,24,13,262.3,45194.9,43214.58,43770.7,1424.2,1980.32,4.58
COL2313,Ramesh Dhage,Pimpri-Chinchwad,other,numerals_only,20,16,450.2,103485.28,91790.69,100969.7,2515.58,11694.59,12.74
COL2314,Bhaskar Lokhande,Mumbai,mr,functional,18,26,746.9,106923.95,86719.48,105145.37,1778.58,20204.47,23.3
COL2315,Sagar Ansari,Nashik,mr,numerals_only,15,101,2576.8,243278.75,214151.67,193004.14,50274.61,29127.08,13.6
COL2316,Vitthal More,Pune,hi,non_reader,15,16,548.9,57411.41,51358.3,29039.08,28372.33,6053.11,11.79
COL2317,Rakesh Waghmare,Aurangabad,mr,numerals_only,20,10,271.1,27566.3,26553.89,23292.2,4274.1,1012.41,3.81
COL2318,Sunita Bansode,Pimpri-Chinchwad,hi,numerals_only,9,13,443.8,42999.03,40376.89,39541.28,3457.75,2622.14,6.49
COL2319,Anita Chavan,Nashik,mr,functional,21,9,382.0,24807.65,21814.57,13677.88,11129.77,2993.08,13.72
COL2320,Sunil Ghorpade,Nashik,hi,non_reader,18,5,148.3,3691.91,3212.57,3541.68,150.23,479.34,14.92
COL2321,Rakesh Nikam,Nashik,mr,functional,13,21,688.3,76943.35,71098.79,65117.65,11825.7,5844.56,8.22
COL2322,Rakesh Qureshi,Pune,hi,functional,21,36,998.5,133167.33,118579.39,113919.89,19247.44,14587.94,12.3
COL2323,Sunita Rathod,Pune,mr,non_reader,26,17,454.7,66004.56,58504.2,32771.85,33232.71,7500.36,12.82
COL2324,Prakash Waghmare,Nashik,other,non_reader,22,3,67.9,3416.43,2981.0,3058.23,358.2,435.43,14.61
COL2325,Bhaskar Nikam,Mumbai,mr,functional,22,12,405.6,29553.93,25666.89,26399.01,3154.92,3887.04,15.14
COL2326,Ramesh Sawant,Nashik,mr,functional,16,11,252.1,32043.11,25549.61,10370.92,21672.19,6493.5,25.42
COL2327,Firoz Gaikwad,Mumbai,hi,non_reader,17,34,967.5,138826.31,116835.61,115422.66,23403.65,21990.7,18.82
COL2328,Prakash Bhosale,Pimpri-Chinchwad,hi,numerals_only,24,34,651.9,123942.81,108803.95,108359.07,15583.74,15138.86,13.91
COL2329,Arjun Bhosale,Aurangabad,hi,non_reader,17,9,389.2,41615.95,32262.05,38753.07,2862.88,9353.9,28.99
COL2330,Deepak Pawar,Mumbai,mr,numerals_only,22,17,617.7,87030.73,73835.22,70425.73,16605.0,13195.51,17.87
COL2331,Ramesh Kumar,Pimpri-Chinchwad,hi,non_reader,17,24,726.2,98107.04,86398.38,63529.01,34578.03,11708.66,13.55
COL2332,Salim Ansari,Nagpur,other,numerals_only,20,339,9527.6,1389215.76,1167817.29,1080503.28,308712.48,221398.47,18.96
COL2333,Munna Ansari,Mumbai,mr,numerals_only,18,10,246.2,25533.88,19732.45,20464.78,5069.1,5801.43,29.4
COL2334,Mahesh Kumar,Nashik,mr,non_reader,19,48,1755.7,174816.9,150078.51,119370.51,55446.39,24738.39,16.48
COL2335,Sandeep Rathod,Pune,hi,non_reader,26,18,464.1,45496.29,45204.61,40254.56,5241.73,291.68,0.65
COL2336,Jyoti Mane,Pune,mr,non_reader,18,9,293.1,28865.48,26175.32,27155.28,1710.2,2690.16,10.28
COL2337,Ujwala Waghmare,Aurangabad,mr,functional,22,40,1190.6,168180.24,143668.46,130348.44,37831.8,24511.78,17.06
COL2338,Ashok Sonawane,Mumbai,hi,numerals_only,21,37,1144.7,98639.3,88297.72,75444.15,23195.15,10341.58,11.71
COL2339,Shabana Dhage,Aurangabad,hi,functional,26,10,287.6,24683.81,20557.12,23289.19,1394.62,4126.69,20.07
COL2340,Kailas Rathod,Pune,mr,numerals_only,27,18,519.4,36648.42,32903.61,26717.75,9930.67,3744.81,11.38
COL2341,Laxmi Khan,Pune,mr,non_reader,15,36,1544.5,140492.55,122637.8,114683.88,25808.67,17854.75,14.56
COL2342,Pandurang Ingle,Mumbai,mr,numerals_only,19,14,498.8,24204.81,21155.74,14358.64,9846.17,3049.07,14.41
COL2343,Nanda Nikam,Aurangabad,hi,numerals_only,13,11,426.0,22170.78,23865.81,15576.28,6594.5,-1695.03,-7.1
COL2344,Vikas Gaikwad,Pune,mr,functional,15,8,257.3,40322.53,33978.24,13043.01,27279.52,6344.29,18.67
COL2345,Sanjay Kumar,Nashik,other,numerals_only,23,56,1416.5,158784.15,134901.9,122154.95,36629.2,23882.25,17.7
COL2346,Rakesh Lokhande,Mumbai,mr,numerals_only,13,8,284.0,41822.43,37455.49,41822.43,0.0,4366.94,11.66
COL2347,Vikas Ansari,Aurangabad,mr,numerals_only,24,23,812.7,62399.95,45363.4,49478.57,12921.38,17036.55,37.56
COL2348,Dattatray Sonawane,Nagpur,mr,functional,18,10,274.7,48862.58,38304.41,15788.5,33074.08,10558.17,27.56
COL2349,Mahesh More,Pune,mr,numerals_only,21,20,553.8,70468.22,58910.1,61491.03,8977.19,11558.12,19.62
COL2350,Vaishali Nikam,Aurangabad,mr,numerals_only,19,1189,34946.6,4175563.62,3634145.13,3005871.88,1169691.74,541418.49,14.9
COL2351,Nitin Tambe,Pune,mr,functional,16,15,310.8,64513.4,59613.82,32517.23,31996.17,4899.58,8.22
COL2352,Ramesh Gaikwad,Pune,hi,functional,14,11,307.4,37167.93,34582.16,33675.57,3492.36,2585.77,7.48
COL2353,Rakesh Dhage,Aurangabad,hi,functional,21,12,313.8,39830.01,32785.48,39059.82,770.19,7044.53,21.49
COL2354,Shankar Nikam,Mumbai,mr,numerals_only,21,13,887.7,58953.71,55461.46,56461.81,2491.9,3492.25,6.3
COL2355,Rahul Ingle,Pimpri-Chinchwad,mr,non_reader,18,15,505.8,125380.03,105867.69,94306.45,31073.58,19512.34,18.43
COL2356,Dattatray Khan,Nashik,mr,numerals_only,27,9,341.8,60046.45,49835.84,7275.31,52771.14,10210.61,20.49
COL2357,Mangala Chavan,Pune,hi,functional,18,5,44.7,10057.56,8594.66,9518.32,539.24,1462.9,17.02
COL2358,Vikas Yadav,Nagpur,hi,non_reader,20,7,207.9,24312.74,21950.29,23400.51,912.23,2362.45,10.76
COL2359,Anita Kumar,Mumbai,mr,numerals_only,21,17,660.6,71018.64,63291.18,65625.52,5393.12,7727.46,12.21
COL2360,Sandeep Nikam,Nagpur,hi,functional,16,22,599.7,87256.45,75566.31,59825.5,27430.95,11690.14,15.47
COL2361,Firoz Waghmare,Mumbai,mr,non_reader,13,40,1010.3,126615.68,116055.47,88388.3,38227.38,10560.21,9.1
COL2362,Vitthal Rathod,Pune,mr,numerals_only,16,15,290.5,79270.33,63507.13,17281.34,61988.99,15763.2,24.82
COL2363,Ujwala Kumar,Pimpri-Chinchwad,mr,non_reader,20,10,240.5,29585.01,25759.93,17320.64,12264.37,3825.08,14.85
COL2364,Vaishali Bansode,Pimpri-Chinchwad,other,non_reader,26,23,889.9,140776.3,122983.39,71322.98,69453.32,17792.91,14.47
COL2365,Dattatray Sonawane,Nashik,mr,numerals_only,17,36,1629.4,105969.68,96970.38,97766.2,8203.48,8999.3,9.28
COL2366,Ravi Tambe,Pune,hi,non_reader,25,9,297.4,74497.05,66176.31,63062.51,11434.54,8320.74,12.57
COL2367,Ramesh Sawant,Pune,mr,numerals_only,13,26,788.9,167866.31,149492.59,146650.8,21215.51,18373.72,12.29
COL2368,Sindhu Jadhav,Nagpur,mr,numerals_only,13,8,228.9,15854.65,14143.83,12572.64,3282.01,1710.82,12.1
COL2369,Imran Sonawane,Pimpri-Chinchwad,hi,non_reader,27,49,1506.0,177337.62,155077.64,146660.31,30677.31,22259.98,14.35
COL2370,Nanda Waghmare,Mumbai,hi,non_reader,27,25,524.0,87092.04,58421.94,67127.08,19964.96,28670.1,49.07
COL2371,Jyoti Rathod,Aurangabad,mr,non_reader,17,8,98.6,12951.42,10173.94,12951.42,0.0,2777.48,27.3
COL2372,Ashok Dhage,Pune,hi,numerals_only,23,8,161.5,10074.7,8536.77,8896.61,1178.09,1537.93,18.02
COL2373,Sanjay Nikam,Pimpri-Chinchwad,mr,functional,9,26,995.8,103940.55,91722.35,58027.95,45912.6,12218.2,13.32
COL2374,Sunita Waghmare,Nagpur,mr,numerals_only,12,14,416.3,48887.15,44335.54,12530.44,36356.71,4551.61,10.27
COL2375,Sarika Ansari,Pune,mr,functional,20,9,174.3,10000.55,9089.9,9505.08,495.47,910.65,10.02
COL2376,Shobha Sonawane,Pune,mr,numerals_only,27,8,161.2,11342.55,9816.35,11342.55,0.0,1526.2,15.55
COL2377,Tukaram Kamble,Nagpur,hi,numerals_only,15,7,183.3,48487.2,39766.69,47813.85,673.35,8720.51,21.93
COL2378,Rakesh Pawar,Pimpri-Chinchwad,mr,numerals_only,12,7,156.9,58955.33,46759.63,58955.33,0.0,12195.7,26.08
COL2379,Jyoti Rathod,Pune,hi,numerals_only,6,11,196.3,19170.62,15244.15,4781.59,14389.03,3926.47,25.76
COL2380,Pandurang Kamble,Pimpri-Chinchwad,hi,non_reader,13,297,8290.9,1387799.53,1206191.17,880636.14,507163.39,181608.36,15.06
COL2381,Vitthal Dhage,Mumbai,hi,functional,18,32,930.6,159193.85,139238.61,124372.69,34821.16,19955.24,14.33
COL2382,Vitthal Gaikwad,Pimpri-Chinchwad,mr,numerals_only,17,26,1008.2,121386.28,150730.92,107868.29,13517.99,-29344.64,-19.47
COL2383,Ujwala Ingle,Pimpri-Chinchwad,hi,numerals_only,24,43,1403.4,264084.14,220538.64,145335.38,118748.76,43545.5,19.75
COL2384,Balu Shaikh,Pune,mr,numerals_only,23,25,737.2,47976.22,42096.16,38821.31,9154.91,5880.06,13.97
COL2385,Vikas Jadhav,Aurangabad,hi,numerals_only,24,12,231.9,46571.36,37898.89,28375.56,18195.8,8672.47,22.88
COL2386,Manoj Shinde,Mumbai,mr,numerals_only,14,55,1423.6,177423.13,161244.67,121553.79,55869.34,16178.46,10.03
COL2387,Imran Deshmukh,Nashik,mr,non_reader,22,16,412.0,55871.97,47831.14,16111.99,39759.98,8040.83,16.81
COL2388,Vaishali Shinde,Nashik,mr,functional,16,10,340.7,29457.47,19170.75,24007.83,5449.64,10286.72,53.66
COL2389,Pandurang Sonawane,Pune,hi,numerals_only,12,87,2474.1,312947.09,272517.92,194093.17,118853.92,40429.17,14.84
COL2390,Arjun Kamble,Pune,mr,non_reader,23,9,220.9,25209.12,21848.43,25209.12,0.0,3360.69,15.38
COL2391,Prakash Ghorpade,Nagpur,other,functional,25,93,2569.3,407240.02,346531.23,353337.98,53902.04,60708.79,17.52
COL2392,Anita Chavan,Nashik,mr,numerals_only,17,38,1274.5,127777.55,113154.48,115566.23,12211.32,14623.07,12.92
COL2393,Rukhsana Kumar,Pimpri-Chinchwad,hi,functional,20,31,890.1,146472.84,125859.48,63633.44,82839.4,20613.36,16.38
COL2394,Munna Mane,Aurangabad,mr,numerals_only,18,21,923.2,76350.27,72768.85,43987.39,32362.88,3581.42,4.92
COL2395,Kailas Qureshi,Pune,mr,non_reader,22,15,640.8,146355.87,121623.47,137736.61,8619.26,24732.4,20.34
COL2396,Rekha Shinde,Nashik,mr,numerals_only,21,9,365.7,54885.22,44792.65,52069.01,2816.21,10092.57,22.53
COL2397,Mahesh Pawar,Nagpur,hi,functional,20,37,1260.8,74620.77,66459.17,64210.52,10410.25,8161.6,12.28
COL2398,Manoj Ghorpade,Pune,mr,non_reader,17,8,202.9,28750.9,26180.42,28750.9,0.0,2570.48,9.82
COL2399,Ravi Jadhav,Mumbai,mr,functional,28,11,406.7,28182.76,25291.57,25682.21,2500.55,2891.19,11.43
